,Annual Return,Annual Volatility
ACCESSCORP,0.35719421121778744,0.43084809768064286
DANGCEM,0.4199063192147912,0.3455403841466581
DANGSUGAR,0.4631185996201424,0.5397058971835732
GTCO,0.5367866030007385,0.3639261368376361
MTNN,0.4134653456495675,0.3664040183413132
NESTLE,0.25634108235362396,0.2914922706408791
PRESCO,0.745680274043683,0.33392839475909125
SEPLAT,0.5607854416226327,0.2961802845219762
UBA,0.5690404977487854,0.4426551335190641
ZENITH,0.5271638966296025,0.38444157999473233
